Call Failure,Complaints,Subscription Length,Seconds of Use,Frequency of use,Frequency of SMS,Distinct Called Numbers,Age Group,Age,Churn
4,0,29,6965,110,263,32,2,25,0
16,0,13,9158,175,70,38,5,55,0
4,0,32,7190,102,15,20,4,45,0
4,0,36,2900,25,5,16,3,30,0
0,0,35,148,4,29,4,5,55,0
10,0,44,903,20,26,10,5,55,0
18,0,20,6573,149,96,47,2,25,0
5,0,30,1648,41,40,72,4,45,0
6,0,6,1792,19,0,8,3,30,1
18,0,39,16390,198,178,47,2,25,0
4,0,26,1568,39,30,68,4,45,0
6,0,35,2665,47,143,19,2,25,0
0,0,29,5935,70,164,18,3,30,0
1,0,21,3145,59,0,19,3,30,0
0,0,29,6480,102,253,26,2,25,0
8,0,41,1240,23,12,15,2,25,0
5,0,34,305,6,7,2,5,55,0
13,1,25,390,31,0,9,2,25,1
9,0,29,1620,42,200,13,3,30,0
13,0,39,5225,94,10,25,3,30,0
7,0,40,1015,20,20,10,3,30,0
9,0,12,5908,127,67,35,1,15,0
0,0,35,0,0,2,0,2,25,1
9,0,28,1873,45,37,70,5,55,0
4,0,26,1568,39,30,68,4,45,0
3,0,41,6455,90,194,30,3,30,0
0,0,35,6195,80,179,24,3,30,0
0,0,37,213,6,8,5,5,55,0
7,0,37,3220,25,479,5,3,30,0
3,0,13,8028,155,45,23,4,45,0
9,0,27,3720,68,24,28,3,30,0
7,0,38,4023,88,9,30,3,30,0
0,0,36,2790,21,476,6,3,30,0
10,0,28,295,20,0,9,3,30,0
0,0,28,2920,61,9,22,3,30,0
4,0,39,4390,85,6,28,3,30,0
5,0,38,643,10,11,4,5,55,0
0,0,35,0,0,0,0,4,45,0
0,0,32,2535,16,0,12,3,30,0
3,0,39,990,19,0,10,2,25,0
4,0,42,3050,31,491,12,3,30,0
24,0,27,15995,236,0,76,2,25,0
3,1,8,1373,13,0,3,2,25,1
13,0,35,4503,66,0,36,1,15,0
3,0,38,13173,159,0,29,3,30,0
6,0,32,2825,49,167,19,2,25,0
0,0,38,0,0,0,0,2,25,0
6,0,27,1560,39,195,11,2,25,0
0,0,21,1055,26,178,5,2,25,0
7,0,12,2773,43,21,15,3,30,0
23,0,22,6878,155,103,49,2,25,0
18,0,34,1005,37,25,10,3,30,0
10,0,27,2278,50,38,68,4,45,0
5,0,14,2793,42,26,17,3,30,0
1,0,35,1033,12,10,2,4,45,1
14,0,35,4080,82,31,29,3,30,0
8,0,41,2813,70,41,39,2,25,0
3,0,39,2475,53,176,22,2,25,0
3,0,32,6670,91,0,18,4,45,0
8,0,16,2853,45,31,19,3,30,0
3,0,33,6785,97,14,22,5,55,0
0,0,19,520,4,6,2,4,45,0
6,0,34,5963,91,7,8,3,30,0
7,0,27,3530,67,15,25,3,30,0
0,0,21,0,0,3,0,4,45,0
0,0,16,1390,20,21,12,2,25,0
0,0,22,0,0,11,0,4,45,0
2,1,7,1783,23,14,20,3,30,1
0,0,42,0,0,8,0,2,25,1
0,0,37,275,4,0,1,2,25,0
11,0,40,3590,34,499,13,3,30,0
32,0,38,16380,250,15,83,2,25,0
17,0,45,4503,78,16,38,1,15,0
17,0,27,1720,39,35,18,2,25,0
0,0,34,6660,99,18,25,4,45,0
27,0,31,16320,241,7,80,2,25,0
5,0,42,888,17,24,10,4,45,1
16,0,35,5943,96,22,21,2,25,1
9,0,41,4203,96,20,35,3,30,0
7,0,34,13818,165,7,40,3,30,0
0,0,35,10560,138,0,30,3,30,0
0,0,28,600,6,24,5,4,45,0
14,0,36,7800,114,29,24,5,55,0
5,0,39,580,10,7,2,2,25,0
14,0,40,2543,60,15,19,3,30,0
8,0,33,4198,60,0,34,1,15,0
6,0,37,2518,56,7,30,2,25,0
0,0,34,1608,22,0,4,3,30,0
10,0,36,2338,54,327,20,2,25,0
9,0,43,6885,94,203,32,3,30,0
12,0,26,1105,30,11,5,2,25,0
6,0,43,1260,22,17,17,2,25,0
16,0,44,3345,69,197,31,2,25,0
7,0,33,1130,22,36,6,4,45,0
0,0,33,3538,74,0,23,2,25,0
19,0,25,15690,230,0,74,2,25,0
4,0,41,6580,88,196,30,3,30,0
0,0,16,1390,20,21,12,2,25,0
20,0,29,15770,232,0,78,2,25,0
3,0,30,2148,48,344,21,2,25,0
1,0,40,213,4,10,6,3,30,1
3,0,36,2655,43,299,31,3,30,0
14,0,44,4755,79,22,23,3,30,0
15,0,18,3347,52,47,24,3,30,0
0,0,34,0,0,0,0,3,30,1
0,0,35,0,0,0,0,2,25,1
0,0,30,13208,153,0,36,3,30,0
1,0,36,1668,25,0,6,3,30,0
14,0,39,15790,188,157,32,2,25,0
5,0,27,3340,66,6,22,3,30,0
18,0,17,6582,142,94,45,2,25,0
2,0,36,2688,62,16,46,1,15,0
9,1,34,2875,35,0,12,2,25,1
0,1,34,1363,28,6,14,3,30,1
12,0,40,3480,78,18,15,3,30,0
8,0,38,6163,98,9,12,3,30,0
23,1,33,955,47,16,17,2,25,1
1,0,35,743,9,5,1,5,55,0
10,0,45,1440,30,22,19,3,30,0
0,0,34,2813,66,0,11,2,25,0
9,0,43,13773,175,8,45,3,30,0
16,0,40,4080,88,39,30,3,30,0
0,0,30,0,0,0,0,3,30,1
1,0,36,1280,19,1,9,2,25,0
0,0,29,1888,44,337,16,2,25,0
9,0,43,4515,89,10,26,3,30,0
4,0,39,3210,33,515,12,4,45,0
14,0,39,11960,161,27,52,4,45,0
21,1,28,955,41,8,16,2,25,1
0,0,26,605,25,168,11,2,25,0
11,0,42,4278,68,11,39,1,15,0
9,0,44,2620,49,300,24,3,30,0
10,0,24,1110,26,0,9,2,25,0
7,0,44,970,24,28,14,3,30,0
7,0,26,1100,34,23,16,2,25,0
1,0,39,305,9,0,10,3,30,0
0,0,30,0,0,0,0,4,45,0
0,0,32,0,0,0,0,5,55,0
14,1,17,6148,138,83,42,1,15,0
5,0,35,6603,70,110,38,2,25,0
0,0,11,4165,36,218,12,3,30,0
3,0,15,2663,45,56,21,3,30,0
24,1,38,10495,96,6,44,5,55,0
16,1,42,7530,132,293,41,3,30,0
6,1,11,1602,24,0,6,3,30,1
7,0,41,1130,26,52,14,3,30,0
5,0,37,3065,71,7,28,3,30,0
10,0,40,13833,172,5,46,3,30,0
0,0,39,2268,60,6,36,1,15,0
0,0,35,7203,121,377,41,2,25,0
30,0,40,15445,231,61,34,3,30,0
0,0,37,2170,39,310,20,3,30,0
0,0,37,0,0,0,0,5,55,0
4,0,34,1963,38,27,29,3,30,1
13,1,33,3215,45,7,14,3,30,1
12,0,40,2633,68,370,29,3,30,0
16,0,15,9533,181,94,55,5,55,0
0,0,36,5790,75,161,26,3,30,0
0,0,24,710,5,23,4,4,45,0
9,0,44,3355,37,498,14,3,30,0
6,0,34,13693,167,0,40,3,30,0
0,0,35,760,9,2,12,2,25,0
6,0,36,7633,125,380,40,3,30,0
9,0,37,4775,76,23,15,2,25,0
7,0,15,4650,50,230,16,3,30,0
13,0,38,6908,75,83,35,2,25,0
4,0,36,2955,27,0,13,3,30,0
12,0,36,15610,180,146,27,2,25,0
0,0,26,2275,6,0,6,3,30,0
4,0,32,1978,44,0,11,3,30,0
0,0,23,950,27,181,7,2,25,0
4,0,36,13658,164,2,45,3,30,0
20,0,41,6303,112,44,31,2,25,0
10,0,38,4198,66,1,35,1,15,0
23,0,28,15895,230,0,75,2,25,0
7,0,36,8405,110,119,43,3,30,0
0,0,38,750,16,4,14,2,25,0
23,0,18,9947,188,88,42,5,55,0
0,0,6,472,2,0,5,2,25,1
0,0,36,2055,33,278,16,3,30,0
8,0,39,3325,36,18,21,3,30,0
5,0,23,1360,32,185,7,2,25,0
5,0,39,1180,20,7,13,2,25,0
8,0,37,6718,75,108,37,2,25,0
5,0,11,4095,36,201,25,3,30,0
5,0,33,305,6,7,2,2,25,1
9,0,27,510,24,1,4,2,25,0
6,0,16,2662,44,22,16,3,30,0
5,0,32,305,6,7,2,4,45,1
18,0,40,9535,133,183,49,3,30,0
6,0,34,6538,67,97,32,2,25,0
6,0,35,11760,158,25,60,3,30,0
5,0,34,11285,146,0,42,4,45,0
0,0,38,520,13,4,5,3,30,0
11,0,38,4623,98,30,45,3,30,0
7,0,13,8628,165,66,38,4,45,0
5,0,35,2148,54,352,22,2,25,0
0,0,32,2780,19,0,12,3,30,0
12,0,17,5793,131,64,27,1,15,0
0,0,26,6480,85,0,19,4,45,0
2,0,18,1695,26,28,14,2,25,0
11,0,44,2233,41,22,14,4,45,0
17,0,39,3795,70,190,25,2,25,0
0,0,34,0,0,0,0,5,55,0
0,0,31,338,5,0,1,4,45,0
0,0,34,13408,160,0,40,3,30,0
0,0,36,650,11,8,6,2,25,0
6,0,38,6920,120,279,37,2,25,0
7,0,21,2115,38,67,20,3,30,0
0,0,36,1455,23,257,1,3,30,0
7,0,17,2447,40,13,21,3,30,0
6,1,37,1338,18,17,4,4,45,1
5,0,39,305,6,7,2,2,25,1
2,0,32,3985,63,0,11,2,25,0
0,0,21,1390,26,29,13,2,25,0
7,0,42,4470,87,10,29,3,30,0
0,0,36,1540,46,42,23,3,30,0
8,0,39,11170,150,7,34,4,45,0
0,0,20,3225,55,0,22,3,30,0
13,0,36,2463,58,7,15,3,30,0
21,0,20,6813,153,124,48,2,25,0
16,0,26,650,35,1,14,2,25,1
8,0,36,2970,54,184,26,2,25,0
1,0,19,1290,21,10,16,2,25,0
18,0,21,9318,179,90,46,5,55,0
8,0,41,6673,79,116,41,2,25,0
2,0,41,133,8,8,3,3,30,1
1,0,35,538,7,1,1,3,30,1
11,0,36,2858,65,360,22,2,25,0
7,0,41,823,18,22,9,5,55,0
8,0,37,2263,59,350,21,3,30,0
0,0,25,858,28,5,68,4,45,0
0,0,34,6080,74,147,20,3,30,0
30,1,40,1260,59,31,20,3,30,1
13,0,44,4900,91,19,31,3,30,0
9,0,33,1575,46,208,17,3,30,0
21,0,19,6698,147,92,44,2,25,0
0,0,31,0,0,0,0,2,25,0
1,0,32,7508,121,376,42,2,25,0
0,0,31,0,0,0,0,2,25,1
0,0,33,0,0,0,0,2,25,1
15,0,41,3375,56,300,20,4,45,0
18,0,29,1195,32,26,12,3,30,0
3,0,31,6458,65,93,31,2,25,0
0,0,31,6480,91,7,20,4,45,0
7,0,38,3175,72,11,13,3,30,0
8,1,11,1792,25,7,9,3,30,1
7,0,40,5623,91,7,17,3,30,0
7,0,10,4580,40,190,8,3,30,0
0,0,23,1148,27,0,62,4,45,0
34,1,36,1970,64,31,19,3,30,1
6,0,32,3515,72,17,22,2,25,0
0,0,36,0,0,0,0,5,55,0
24,1,37,1035,49,26,21,3,30,1
0,0,35,7203,121,377,41,2,25,0
5,0,43,1135,24,15,17,2,25,0
12,0,40,4820,89,9,27,3,30,0
27,0,42,10820,101,18,48,5,55,0
15,0,30,2330,53,208,13,3,30,0
1,0,36,1668,25,0,6,3,30,0
13,0,34,2758,60,358,25,2,25,0
0,0,37,0,0,0,0,2,25,1
6,0,34,1790,42,34,17,3,30,0
8,0,36,8925,121,169,45,3,30,0
0,0,32,2835,17,468,2,3,30,0
7,0,36,2078,43,25,28,3,30,1
11,0,31,655,29,18,11,2,25,0
5,0,34,3085,25,7,14,3,30,0
4,1,30,2008,34,19,25,3,30,1
15,0,14,9058,169,69,37,5,55,0
10,0,42,6985,100,204,33,3,30,0
0,0,7,4330,37,210,8,3,30,0
13,0,43,11850,162,28,53,4,45,0
24,0,39,6833,115,41,26,3,30,0
8,0,19,2405,37,36,14,2,25,0
0,0,25,1010,30,186,9,2,25,0
18,0,29,15580,231,0,75,2,25,0
2,0,37,3833,88,34,32,3,30,0
0,0,39,7283,123,387,45,2,25,0
4,0,39,13648,171,4,47,3,30,0
7,0,40,3550,78,35,30,3,30,0
25,0,35,16030,242,8,84,2,25,0
12,0,44,14033,179,15,50,3,30,0
2,0,29,3180,65,16,27,3,30,0
0,0,24,0,0,0,0,2,25,0
11,0,40,1890,31,15,13,2,25,0
0,0,38,0,0,4,0,2,25,1
24,0,35,660,43,7,4,3,30,1
28,0,37,15265,223,50,29,3,30,0
9,0,38,14018,172,7,44,3,30,0
0,0,28,2215,37,153,15,2,25,0
14,1,42,2528,54,49,37,4,45,1
22,0,36,15025,220,56,33,3,30,0
3,0,41,1668,31,8,7,4,45,0
15,0,17,9047,176,71,39,5,55,0
3,0,25,1610,40,207,24,2,25,0
18,0,37,6008,98,7,22,2,25,1
4,0,28,3405,69,19,28,3,30,0
0,0,8,3680,29,190,10,3,30,0
1,0,34,6320,78,175,21,3,30,0
8,0,35,8810,115,137,41,3,30,0
2,0,17,1580,20,0,10,2,25,0
0,0,37,630,11,0,11,2,25,0
0,0,34,7088,115,345,37,2,25,0
12,0,37,3105,46,7,15,3,30,1
9,0,38,2840,56,180,25,2,25,0
0,0,30,7203,115,369,40,2,25,0
3,0,34,1180,14,0,12,2,25,0
17,0,38,10210,89,4,44,4,45,0
4,0,33,1848,32,0,25,3,30,1
12,0,19,8888,175,81,44,4,45,0
0,0,31,6240,76,171,20,3,30,0
1,0,37,3313,77,0,30,3,30,0
25,1,31,16075,238,0,80,2,25,0
8,0,10,1678,19,7,5,3,30,1
8,0,40,4220,79,7,12,3,30,0
14,0,29,815,30,8,6,3,30,0
0,0,29,520,10,22,2,4,45,0
2,0,38,7103,122,366,45,3,30,0
4,0,36,3908,83,11,31,2,25,0
1,0,37,7318,126,375,40,2,25,0
7,0,38,1993,51,6,17,3,30,0
5,0,38,955,17,15,8,3,30,0
7,0,39,3965,66,0,19,3,30,0
27,1,31,1180,51,13,15,3,30,1
0,0,38,470,9,0,13,2,25,0
13,0,40,4313,71,0,34,1,15,0
5,0,9,1677,20,9,10,3,30,1
0,0,25,710,4,0,1,4,45,0
15,0,45,4675,83,20,20,3,30,0
0,0,34,3413,76,0,26,2,25,0
19,0,37,6528,109,34,24,2,25,0
6,0,38,710,11,8,2,2,25,1
0,0,34,3413,76,0,26,2,25,0
4,0,42,2315,43,293,22,3,30,0
5,0,40,305,6,7,2,2,25,0
7,0,35,5108,87,1,24,2,25,1
15,0,25,925,29,7,5,3,30,0
17,0,37,9715,131,165,58,3,30,0
5,0,36,873,10,11,4,4,45,1
17,0,40,5275,87,33,34,3,30,0
0,0,38,990,20,32,15,2,25,0
23,1,33,955,47,16,17,2,25,1
0,0,36,133,2,0,2,3,30,1
23,0,45,9680,137,166,51,3,30,0
7,0,31,3485,71,23,29,3,30,0
9,0,24,520,17,0,2,2,25,0
11,0,36,6843,73,104,34,2,25,0
0,0,18,2920,49,0,20,3,30,0
0,0,33,1550,39,40,21,3,30,0
8,0,39,6805,92,193,28,3,30,0
14,0,40,3835,85,37,30,3,30,0
13,0,28,4240,78,23,25,3,30,0
11,0,44,6178,105,22,18,3,30,0
5,0,25,1973,44,31,66,4,45,0
9,0,40,4075,67,7,4,3,30,0
13,0,46,2958,74,24,41,2,25,0
4,0,33,2600,45,164,18,2,25,0
9,0,41,1223,21,35,21,3,30,0
1,0,36,10755,143,0,47,3,30,0
6,0,36,4318,92,23,43,3,30,0
6,0,27,1535,21,29,3,4,45,0
26,0,33,15780,234,7,67,2,25,0
0,0,35,1223,37,0,15,3,30,0
13,0,18,3158,51,38,21,3,30,0
5,0,13,8437,164,57,35,4,45,0
11,0,18,2913,48,36,21,3,30,0
5,0,38,1373,21,7,2,4,45,0
9,1,39,2353,60,40,21,3,30,0
2,0,40,180,8,11,5,2,25,1
6,0,39,7623,132,382,42,3,30,0
5,0,32,11465,148,3,46,3,30,0
0,1,33,0,0,0,0,2,25,1
8,0,33,3285,45,23,29,2,25,1
10,0,25,1225,32,19,13,2,25,0
4,0,9,4580,41,224,13,3,30,0
6,0,13,2673,37,20,14,3,30,0
0,1,31,0,0,0,0,2,25,1
0,0,20,1183,31,13,62,4,45,0
6,0,27,1000,28,22,15,2,25,0
4,0,32,3813,58,0,29,1,15,0
26,0,42,10695,103,16,48,5,55,0
12,0,34,9530,77,0,25,4,45,0
0,0,7,1182,13,0,5,2,25,1
9,0,40,2033,34,12,10,4,45,0
3,0,33,6785,97,14,22,5,55,0
12,0,33,2573,44,33,32,3,30,1
12,0,41,4378,74,12,40,1,15,0
0,0,19,0,0,0,0,2,25,0
2,0,35,3603,76,0,24,2,25,0
4,0,39,1745,46,48,24,3,30,0
0,0,36,0,0,0,0,2,25,0
12,1,34,3115,39,7,13,3,30,1
11,0,16,8527,166,55,42,5,55,0
19,0,40,5103,82,29,52,1,15,0
9,1,15,1873,27,17,13,3,30,1
0,0,12,1182,19,1,6,3,30,1
28,0,28,16380,238,0,81,2,25,0
6,0,36,3145,28,7,16,3,30,0
5,0,41,4065,71,6,16,3,30,0
10,0,25,995,29,24,20,2,25,0
23,1,37,910,51,24,21,2,25,1
12,0,35,9410,125,158,56,3,30,0
5,0,36,4255,66,7,18,2,25,0
6,0,37,3585,82,57,30,3,30,0
3,0,37,6660,116,272,32,2,25,0
2,0,36,13468,163,0,42,3,30,0
12,0,40,14078,175,7,46,3,30,0
12,0,42,3165,61,192,29,2,25,0
14,0,36,9520,126,145,41,3,30,0
7,0,38,13773,169,0,44,3,30,0
0,0,39,33,4,5,1,5,55,0
1,0,27,1443,41,34,71,4,45,0
6,0,39,7568,130,389,45,3,30,0
3,0,40,4290,79,5,27,3,30,0
2,0,37,1065,15,9,14,2,25,0
10,0,44,6805,98,201,29,4,45,0
0,0,33,0,0,0,0,5,55,0
21,0,41,5213,83,16,37,1,15,0
5,0,37,305,6,7,2,3,30,0
0,0,37,1683,47,0,33,1,15,0
14,1,41,3250,51,24,22,3,30,1
22,0,36,15080,222,49,30,3,30,0
0,0,36,383,4,7,4,4,45,1
17,0,17,9238,177,80,42,5,55,0
0,1,34,0,0,0,0,3,30,1
11,0,28,815,31,42,11,3,30,0
8,0,15,4775,48,232,16,3,30,0
0,0,33,1875,25,267,11,3,30,0
20,1,38,4005,58,24,18,3,30,1
16,0,43,2838,68,376,30,3,30,0
10,0,12,8753,163,62,35,4,45,0
27,0,31,16265,239,9,83,2,25,0
10,0,33,2498,56,351,20,3,30,0
5,0,39,305,6,7,2,2,25,1
5,0,23,920,26,12,11,2,25,0
0,0,33,0,0,0,0,2,25,1
6,0,35,4190,63,0,12,3,30,0
2,0,24,1135,28,182,6,2,25,0
1,0,11,2368,31,13,12,3,30,0
0,0,9,4200,39,206,7,3,30,0
9,0,42,4450,73,15,21,3,30,0
2,0,33,2360,33,277,17,3,30,0
3,0,27,1163,34,12,70,4,45,0
8,0,42,4595,85,12,29,3,30,0
13,1,35,5703,92,0,20,2,25,1
0,0,35,2715,24,4,17,3,30,0
0,0,30,1180,30,20,13,3,30,0
0,0,31,2088,46,0,30,1,15,0
9,0,26,820,27,1,15,2,25,0
0,0,32,1245,32,0,14,3,30,0
8,0,37,1970,50,45,22,3,30,0
3,0,9,1488,19,0,7,3,30,1
15,0,42,9115,127,152,44,3,30,0
5,0,37,2765,44,286,16,3,30,0
8,0,34,6975,97,7,20,4,45,0
0,0,33,4030,69,0,18,3,30,0
8,0,40,6920,98,225,32,4,45,0
5,0,35,1015,14,12,9,2,25,0
1,0,33,2725,16,0,10,3,30,0
2,0,37,190,1,9,3,2,25,1
13,0,18,3157,51,38,21,3,30,0
8,0,39,2583,58,7,31,1,15,0
5,0,33,7553,123,376,39,2,25,0
13,0,45,6223,107,22,15,3,30,0
4,0,41,13468,169,1,43,3,30,0
7,0,26,1440,34,189,8,3,30,0
9,0,16,8808,173,77,43,4,45,0
0,0,7,4085,34,208,8,3,30,0
1,0,35,5498,83,0,6,2,25,0
0,0,32,1303,16,0,2,3,30,0
11,0,38,3775,82,32,28,3,30,0
9,0,38,1533,23,37,21,4,45,1
0,0,34,0,0,0,0,5,55,0
6,0,37,2895,59,207,27,2,25,0
10,0,40,13888,174,0,43,3,30,0
0,0,17,1505,26,53,16,2,25,0
7,0,43,643,16,19,5,5,55,0
0,0,27,2535,10,0,11,3,30,0
0,0,36,2088,52,0,31,1,15,0
1,0,25,1230,15,22,1,4,45,0
9,0,29,1620,42,200,13,3,30,0
1,0,39,2235,41,289,21,3,30,0
17,0,27,570,39,0,11,2,25,1
2,0,18,1695,26,28,14,2,25,0
0,0,26,3100,63,12,26,3,30,0
15,0,42,14138,178,12,48,3,30,0
0,0,21,825,4,13,2,4,45,0
6,0,32,6718,69,100,36,2,25,0
15,0,40,4503,72,8,37,1,15,0
6,0,36,935,18,10,6,3,30,0
5,0,39,305,6,7,2,2,25,1
21,0,28,2240,49,34,15,2,25,0
0,0,36,0,0,0,0,3,30,1
0,0,33,1360,38,31,18,3,30,0
0,0,35,2070,42,150,23,2,25,0
3,0,38,2393,58,2,33,1,15,0
11,1,38,3170,49,20,21,3,30,1
7,0,28,3645,73,47,29,4,45,0
15,0,27,1300,35,31,22,3,30,0
1,0,36,2980,22,485,9,3,30,0
22,0,18,7102,152,93,42,2,25,0
11,0,39,1353,21,19,4,5,55,0
13,0,19,3273,57,70,25,4,45,0
2,0,7,8368,155,51,32,4,45,0
13,0,45,7065,102,208,34,4,45,0
3,0,39,11240,150,14,49,3,30,0
10,0,34,3005,57,172,21,2,25,0
5,0,35,6658,72,103,35,2,25,0
2,0,29,6705,95,4,18,4,45,0
13,0,22,3113,55,46,25,3,30,0
7,0,34,15305,174,139,25,2,25,0
16,0,17,6392,141,85,42,2,25,0
0,0,35,0,0,0,0,2,25,1
0,0,4,3905,26,197,3,3,30,0
29,0,29,16300,242,7,78,2,25,0
10,0,34,3395,46,10,14,3,30,1
5,0,22,3530,61,7,24,3,30,0
8,0,42,13853,171,10,48,3,30,0
3,0,18,920,20,4,10,1,15,0
7,0,37,6323,100,8,10,2,25,0
0,1,7,1372,14,2,8,2,25,1
0,0,37,2905,27,508,10,3,30,0
3,0,14,2547,39,24,17,3,30,0
12,0,39,11770,160,18,49,4,45,0
5,0,38,6593,77,112,40,2,25,0
3,0,34,6298,63,69,31,2,25,0
0,0,25,820,29,177,6,2,25,0
7,0,20,2000,32,35,16,3,30,0
12,0,39,2683,42,15,8,4,45,0
11,0,18,2967,50,29,18,3,30,0
2,0,9,4390,40,215,10,3,30,0
6,0,43,385,8,17,6,2,25,1
0,0,26,6400,100,249,25,2,25,0
5,0,34,3440,32,21,29,3,30,0
6,0,38,15360,184,154,33,2,25,0
14,0,15,9122,172,82,43,4,45,0
5,0,14,2737,40,33,20,3,30,0
0,0,24,663,23,2,51,4,45,0
10,0,40,4575,86,7,27,3,30,0
13,0,33,9160,117,136,39,3,30,0
4,0,30,1523,43,38,72,4,45,0
7,0,32,2810,33,0,11,3,30,1
18,0,43,9375,131,159,49,3,30,0
24,0,35,10560,91,7,39,5,55,0
0,1,30,0,0,0,0,4,45,1
5,0,32,7260,120,285,46,2,25,0
5,0,28,1130,16,28,5,4,45,0
1,0,16,1990,30,42,27,2,25,0
25,0,38,15140,225,54,32,3,30,0
11,0,31,5818,92,18,23,2,25,1
6,0,41,1933,54,9,16,3,30,0
4,0,30,3225,67,16,24,3,30,0
6,0,32,8630,107,126,36,3,30,0
18,0,40,4270,89,48,33,3,30,0
1,0,30,2520,43,160,17,2,25,0
0,0,28,6580,108,254,27,2,25,0
0,0,37,2203,58,27,35,2,25,0
0,0,24,1263,33,23,66,4,45,0
5,0,27,2930,57,7,10,3,30,0
5,0,37,1120,17,7,11,2,25,0
0,0,26,0,0,0,0,2,25,0
8,0,32,2453,54,351,23,2,25,0
0,0,36,12868,153,0,27,3,30,0
8,0,25,640,22,5,5,2,25,0
21,0,23,6653,151,100,48,2,25,0
8,1,15,1748,29,15,13,3,30,1
6,1,34,2208,41,29,29,3,30,1
2,0,34,6365,106,250,18,2,25,0
0,0,34,695,6,0,6,2,25,0
0,0,34,3658,79,0,26,2,25,0
6,0,40,15180,182,151,29,2,25,0
14,1,37,3295,47,16,18,3,30,1
5,1,9,1733,22,7,7,3,30,1
27,0,38,15330,226,63,35,3,30,0
7,0,28,1628,42,35,70,4,45,0
5,0,40,2013,50,11,19,3,30,0
20,0,15,6618,145,82,40,2,25,0
11,0,39,6833,80,106,36,2,25,0
0,0,39,585,16,17,11,2,25,0
6,1,31,5333,84,8,17,2,25,1
4,0,39,2475,45,317,22,4,45,0
23,0,41,10435,99,9,43,5,55,0
5,0,40,825,19,11,7,3,30,0
0,0,35,14580,166,122,13,2,25,0
3,0,35,6413,69,101,35,2,25,0
18,0,16,9642,182,81,40,5,55,0
0,1,34,323,1,2,2,4,45,1
11,0,41,2418,62,19,22,3,30,0
6,0,23,3450,65,7,21,3,30,0
5,0,35,1910,47,40,20,3,30,0
30,0,32,16265,238,7,78,2,25,0
2,0,35,2180,31,274,13,3,30,0
20,0,29,15770,232,0,78,2,25,0
0,0,36,1333,38,0,4,3,30,0
0,0,36,2333,55,0,31,1,15,0
6,0,29,5513,86,11,21,2,25,1
0,0,35,3183,49,0,33,1,15,0
5,0,24,1035,32,44,15,2,25,0
10,0,26,1340,38,51,17,2,25,0
16,0,34,10130,87,0,40,4,45,0
0,0,36,13278,162,0,39,3,30,0
6,0,38,1585,25,8,11,2,25,0
0,1,37,503,9,13,7,4,45,1
7,0,15,5488,125,57,25,1,15,0
26,0,38,10740,99,8,44,5,55,0
0,0,24,3035,61,33,25,3,30,0
0,0,38,0,0,0,0,2,25,0
0,0,33,0,0,0,0,2,25,0
0,0,34,513,2,11,5,4,45,1
11,0,13,9228,175,87,53,4,45,0
10,0,37,2160,51,54,25,3,30,0
5,0,38,643,10,11,4,5,55,0
1,0,32,13388,161,0,38,3,30,0
15,0,40,4503,72,8,37,1,15,0
21,0,33,15850,234,3,82,2,25,0
5,1,37,305,6,7,2,3,30,1
19,1,43,3555,57,31,24,3,30,1
6,0,9,4990,50,236,25,3,30,0
2,0,42,665,18,21,12,3,30,0
9,0,37,11710,157,13,47,4,45,0
1,0,33,6540,94,12,22,4,45,0
9,0,41,4695,91,13,30,3,30,0
0,0,15,1515,18,17,9,2,25,0
6,0,36,4810,87,16,38,3,30,0
0,0,37,0,0,0,0,2,25,1
7,0,37,2485,37,281,15,3,30,0
4,0,38,2360,39,285,18,3,30,0
9,0,36,15370,176,118,26,2,25,0
6,0,25,625,22,0,2,2,25,0
0,0,34,1963,29,14,19,3,30,0
9,0,10,2197,30,8,7,3,30,1
3,0,22,1775,28,38,18,2,25,0
0,0,28,2455,14,0,8,3,30,0
0,0,37,2535,22,1,13,3,30,0
13,0,14,9337,176,74,38,4,45,0
24,0,39,14735,220,36,34,3,30,0
7,0,27,100,15,0,3,2,25,0
7,0,42,1360,28,18,18,2,25,0
0,0,23,2920,55,1,21,3,30,0
15,0,28,1645,44,58,19,2,25,0
5,0,40,1295,26,39,17,3,30,0
9,0,40,6033,100,5,11,3,30,0
0,0,24,0,0,5,0,4,45,0
6,0,40,2508,63,0,32,2,25,0
0,0,34,2595,19,0,14,3,30,0
13,0,18,3157,51,38,21,3,30,0
2,0,36,323,3,9,5,3,30,1
1,0,36,1668,25,0,6,3,30,0
23,0,35,14960,217,43,27,3,30,0
7,0,35,3550,33,8,14,3,30,0
5,0,11,4505,45,213,9,3,30,0
20,0,25,15815,228,0,74,2,25,0
14,0,43,5000,97,20,32,3,30,0
0,0,38,7383,129,388,46,2,25,0
3,1,29,2605,33,0,10,2,25,1
0,0,37,613,9,21,17,2,25,0
0,0,32,450,4,0,2,2,25,0
0,1,28,1703,28,12,23,3,30,1
6,0,25,395,19,3,5,2,25,0
0,0,36,165,3,0,11,2,25,0
0,0,30,2760,20,0,10,3,30,0
13,0,27,890,26,19,10,2,25,0
8,0,39,6805,92,193,28,3,30,0
9,1,42,2193,58,16,21,3,30,0
8,1,36,2585,36,0,18,3,30,1
4,0,41,4210,83,3,24,3,30,0
1,0,31,6545,104,232,27,2,25,0
0,0,34,955,33,13,20,3,30,0
0,0,25,1903,20,165,8,2,25,0
1,0,30,1010,36,194,10,2,25,0
3,0,36,1858,26,9,9,3,30,0
8,0,40,2698,64,9,35,2,25,0
15,0,18,5987,136,67,44,2,25,0
0,0,36,0,0,0,0,5,55,0
33,0,35,16440,247,12,84,2,25,0
2,0,38,710,14,13,8,3,30,0
27,0,20,7407,158,100,44,2,25,0
16,0,39,12370,170,39,64,4,45,0
0,0,29,1405,34,23,14,3,30,0
11,0,26,585,19,0,3,2,25,0
11,0,37,15675,183,159,33,2,25,0
5,0,29,1020,32,179,2,3,30,0
0,0,22,2805,49,0,17,3,30,0
16,1,31,460,40,0,12,2,25,1
0,0,30,1828,42,0,25,1,15,0
0,0,34,0,0,0,0,3,30,1
5,0,5,4435,36,207,6,3,30,0
0,0,15,680,9,0,12,2,25,0
3,0,34,6900,103,46,26,5,55,0
18,0,41,5530,100,17,27,4,45,0
6,0,42,723,12,21,8,5,55,0
30,0,33,16380,244,7,82,2,25,0
0,0,29,2475,41,160,20,2,25,0
1,0,35,1475,43,29,17,3,30,0
16,1,42,3295,53,24,19,3,30,1
30,0,33,16380,244,7,82,2,25,0
0,0,29,2840,16,0,13,3,30,0
1,0,41,2790,27,484,7,3,30,0
5,0,36,2263,60,384,26,3,30,0
11,0,41,6338,107,46,18,3,30,0
26,0,37,10625,93,7,40,4,45,0
9,0,39,1780,30,28,28,2,25,0
10,0,42,2318,56,18,21,3,30,0
0,0,34,345,5,1,4,2,25,0
6,0,30,8810,109,129,40,3,30,0
0,0,34,0,0,2,0,3,30,1
4,0,34,15065,170,111,24,2,25,0
9,0,25,2000,38,43,17,3,30,0
0,0,33,1908,44,0,26,1,15,0
10,0,34,1390,26,43,11,4,45,0
19,0,39,3358,76,387,41,3,30,0
10,0,39,8003,134,400,48,3,30,0
23,0,36,10625,94,10,45,5,55,0
7,0,36,4138,63,0,33,1,15,0
10,1,44,1193,23,31,12,4,45,1
6,0,43,2360,45,293,19,4,45,0
8,0,39,3650,84,36,31,2,25,0
14,0,40,8523,144,399,45,3,30,0
17,0,39,2948,67,375,29,3,30,0
13,0,27,945,28,12,7,3,30,0
10,0,41,4550,79,16,22,3,30,0
11,0,37,4495,69,7,14,3,30,0
8,0,41,2153,39,18,13,4,45,0
0,0,35,0,0,0,0,2,25,1
5,0,41,305,6,7,2,3,30,0
19,0,36,10190,90,0,42,4,45,0
11,0,40,3903,62,7,22,1,15,0
4,0,36,938,14,25,17,5,55,0
0,0,26,825,10,21,3,4,45,0
20,0,31,840,42,18,18,2,25,1
0,0,37,520,14,38,10,3,30,0
20,1,34,830,49,20,20,2,25,1
20,0,30,15885,238,25,82,2,25,0
8,0,37,6718,75,108,37,2,25,0
2,0,29,1005,18,32,8,4,45,0
5,0,19,2547,45,32,18,3,30,0
0,0,31,7248,117,369,37,2,25,0
10,0,37,2453,60,359,24,3,30,0
11,0,27,930,28,7,2,2,25,0
0,0,31,13468,157,0,41,3,30,0
5,0,35,1793,23,7,3,4,45,0
4,0,31,2068,52,342,18,2,25,0
2,0,5,1408,17,0,3,3,30,1
2,1,30,2505,27,0,9,2,25,1
6,0,18,2295,36,49,29,2,25,0
3,0,22,1488,37,20,64,4,45,0
0,0,27,715,26,172,1,2,25,0
6,0,36,3470,76,25,26,2,25,0
16,0,38,5933,103,24,23,2,25,0
23,0,33,15140,219,46,31,3,30,0
12,0,33,9035,119,134,39,3,30,0
10,0,34,5758,95,21,22,2,25,1
15,0,39,2948,65,16,17,3,30,0
0,0,18,1095,16,7,6,2,25,0
5,0,38,933,13,16,6,4,45,1
23,0,44,6383,114,48,32,3,30,0
11,0,28,2063,46,46,73,5,55,0
9,0,38,4213,89,18,33,3,30,0
17,0,17,9237,177,80,42,5,55,0
8,0,35,4018,58,0,30,1,15,0
4,0,37,3488,55,0,35,1,15,0
7,0,36,2618,62,7,31,2,25,0
7,0,24,1955,36,43,20,3,30,0
8,0,17,8708,167,76,42,4,45,0
2,0,35,13353,157,0,38,3,30,0
11,0,39,3890,88,64,32,3,30,0
9,0,13,8873,168,68,38,4,45,0
10,0,23,620,23,0,3,2,25,0
7,0,40,3155,30,488,10,3,30,0
0,0,32,325,6,0,2,2,25,0
5,0,43,260,10,15,6,2,25,1
1,0,24,1508,36,25,66,4,45,0
0,0,23,0,0,0,0,4,45,0
17,0,17,9237,177,80,42,5,55,0
5,0,35,6560,111,253,35,2,25,0
0,0,31,628,1,1,3,4,45,1
5,0,35,1100,18,7,9,2,25,0
23,0,24,6697,153,100,45,2,25,0
3,0,37,1115,19,14,6,2,25,0
7,0,35,2338,55,361,25,2,25,0
3,0,36,3390,31,497,21,3,30,0
0,0,24,520,4,14,1,4,45,0
0,0,32,6595,97,39,24,5,55,0
8,0,34,2158,52,0,13,3,30,0
11,0,40,6223,101,14,14,3,30,0
0,0,35,0,0,0,0,2,25,1
6,0,38,5918,95,7,12,3,30,0
8,0,43,683,14,19,8,3,30,0
0,0,37,2385,16,458,8,3,30,0
18,0,37,10310,95,5,45,4,45,0
15,0,17,8993,174,78,42,5,55,0
0,0,34,1553,20,2,7,3,30,0
0,0,35,0,0,0,0,5,55,0
29,1,39,1340,55,33,23,3,30,1
25,0,38,15140,225,54,32,3,30,0
1,0,38,2795,26,8,18,3,30,0
14,0,38,2573,50,41,33,4,45,1
0,0,22,0,0,9,0,4,45,0
5,0,35,6490,93,7,9,5,55,0
5,0,38,305,6,7,2,5,55,0
7,0,37,3908,82,7,26,2,25,0
22,0,31,1250,51,30,30,2,25,1
0,0,35,6195,80,179,24,3,30,0
7,1,9,2088,29,21,22,3,30,1
1,0,29,1263,39,31,67,4,45,0
11,0,20,2600,42,56,31,3,30,0
13,0,40,4675,77,12,19,3,30,0
8,0,43,7768,137,399,49,3,30,0
1,0,5,4310,38,205,6,3,30,0
5,0,35,305,6,7,2,4,45,1
22,0,32,15950,240,4,83,2,25,0
0,0,34,5553,86,0,8,2,25,0
0,0,40,485,10,16,10,2,25,0
0,0,31,1825,5,0,12,3,30,0
8,0,38,2960,49,306,33,3,30,0
2,1,10,1082,14,0,9,3,30,1
3,0,37,7508,127,384,43,2,25,0
17,0,32,1530,44,34,16,2,25,0
0,0,35,1973,46,0,27,1,15,0
0,0,36,0,0,0,0,2,25,0
30,0,34,16495,250,39,86,2,25,0
5,0,34,755,10,7,4,3,30,0
9,0,41,15440,186,158,34,2,25,0
2,0,36,4210,77,0,23,3,30,0
1,0,35,1420,41,36,20,3,30,0
7,0,33,7385,107,35,37,5,55,0
16,0,40,4080,88,39,30,3,30,0
3,0,35,6840,118,275,36,2,25,0
11,0,40,6223,101,14,14,3,30,0
1,0,32,6500,80,178,25,3,30,0
10,1,35,2673,49,35,29,3,30,1
6,0,39,6560,89,191,28,3,30,0
4,0,38,5673,92,5,12,2,25,0
13,0,36,7460,123,287,38,3,30,0
2,0,36,1260,39,20,22,3,30,0
10,0,39,3070,50,293,18,3,30,0
11,0,42,15485,188,158,31,2,25,0
8,0,39,4485,77,37,21,3,30,0
0,0,33,0,0,0,0,2,25,0
8,0,27,1915,46,214,26,2,25,0
5,0,35,2390,31,0,1,3,30,1
0,0,32,1975,24,0,14,2,25,1
19,0,43,9500,129,161,49,3,30,0
2,0,29,1963,32,19,28,3,30,1
3,0,29,8550,105,122,35,3,30,0
14,1,39,2428,54,7,15,3,30,0
0,0,36,93,1,2,2,5,55,0
2,0,36,4210,77,0,23,3,30,0
1,0,24,1453,34,32,69,4,45,0
3,0,41,433,10,5,3,3,30,0
6,0,36,3470,76,25,26,2,25,0
19,0,27,2130,48,47,30,2,25,0
20,0,37,10030,88,0,44,5,55,0
0,0,39,650,10,3,13,2,25,0
5,0,27,3285,64,13,25,3,30,0
9,0,28,1873,45,37,70,5,55,0
4,0,36,1933,48,1,15,3,30,0
8,0,34,5513,92,19,22,2,25,1
17,0,40,4693,73,17,40,1,15,0
11,1,36,2513,47,36,31,3,30,1
14,0,46,3660,43,505,16,4,45,0
0,0,32,3353,73,0,24,2,25,0
10,0,39,11580,159,9,46,4,45,0
5,0,41,2573,66,13,38,1,15,0
0,0,29,0,0,0,0,2,25,1
7,0,39,4138,94,41,34,3,30,0
9,0,15,3257,50,32,17,3,30,0
1,0,33,2360,41,136,17,2,25,0
11,0,11,5295,56,243,27,3,30,0
36,0,41,16155,242,69,34,3,30,0
2,0,38,710,14,13,8,3,30,0
7,0,24,1620,36,192,12,2,25,0
10,0,38,8990,123,148,46,3,30,0
0,1,10,1363,21,4,10,2,25,1
14,0,24,1005,25,9,8,2,25,0
4,0,31,2780,47,167,22,2,25,0
3,0,17,2100,31,29,12,2,25,0
18,0,38,9305,121,119,41,3,30,0
1,1,40,708,9,19,8,4,45,1
10,0,39,5513,98,27,23,2,25,1
0,0,34,3223,75,0,23,2,25,0
2,0,36,528,5,13,5,5,55,0
8,0,39,7813,133,391,45,3,30,0
7,1,33,2238,48,0,16,3,30,0
5,0,36,6965,105,25,27,5,55,0
25,1,33,1145,48,25,20,2,25,1
3,0,33,6785,97,14,22,5,55,0
0,0,28,1360,32,23,17,3,30,0
7,0,39,495,7,16,5,2,25,1
12,0,37,7318,85,129,52,2,25,0
0,0,28,1343,35,33,70,4,45,0
20,0,33,1790,48,41,21,2,25,0
7,0,26,3415,61,7,21,3,30,0
0,0,36,0,0,0,0,3,30,1
1,0,35,1548,44,331,7,2,25,0
6,0,26,1813,42,32,68,4,45,0
17,0,40,2633,53,46,35,4,45,1
0,0,7,4085,34,208,8,3,30,0
12,0,14,3078,49,28,17,3,30,0
0,0,36,2055,33,278,16,3,30,0
11,0,38,2483,57,10,17,3,30,0
2,0,36,6008,64,83,37,2,25,0
0,0,32,650,27,6,18,3,30,0
14,0,29,760,28,15,9,3,30,0
1,0,34,4013,86,16,41,2,25,0
5,0,34,305,6,7,2,3,30,1
4,0,38,5728,94,0,9,3,30,0
12,0,34,15790,182,149,31,2,25,0
7,0,31,7010,101,11,20,5,55,0
1,0,14,2357,38,15,14,3,30,0
23,0,39,10615,101,12,47,5,55,0
7,0,33,6638,73,98,33,2,25,0
3,0,13,1443,23,8,11,3,30,1
0,0,34,0,0,0,0,2,25,0
5,0,21,3270,57,7,19,3,30,0
14,0,46,2925,55,307,26,4,45,0
13,0,39,14483,180,8,44,3,30,0
0,0,37,3593,84,6,31,2,25,0
9,0,38,3585,81,23,25,3,30,0
7,0,40,2860,55,185,27,2,25,0
0,0,8,2288,29,9,11,3,30,0
6,0,16,1920,30,25,12,2,25,0
7,1,38,7045,118,281,37,2,25,0
20,0,46,4763,82,23,43,1,15,0
22,0,29,875,45,6,13,2,25,1
0,0,35,7013,120,368,38,2,25,0
17,0,30,1710,46,37,20,2,25,0
22,0,23,9498,187,95,48,5,55,0
6,0,42,1928,35,15,12,4,45,0
10,0,35,4820,83,1,26,3,30,0
2,0,38,2555,49,178,25,2,25,0
4,1,34,1963,38,27,29,3,30,1
4,0,36,1743,49,334,24,2,25,0
2,1,33,2495,34,0,11,2,25,1
20,0,31,895,44,11,15,2,25,1
14,0,35,2678,64,356,22,3,30,0
0,0,35,6385,81,188,27,3,30,0
2,0,33,3095,21,475,7,3,30,0
0,0,36,2088,52,0,31,1,15,0
0,0,8,4200,40,240,12,3,30,0
0,0,7,3485,24,187,21,3,30,0
28,0,33,16190,243,0,79,2,25,0
0,0,31,2420,10,0,8,3,30,0
8,1,34,5513,92,19,22,2,25,1
0,0,34,323,1,2,2,4,45,1
11,0,39,3200,65,214,29,3,30,0
1,0,36,2245,34,287,19,3,30,0
4,0,40,4145,67,8,19,2,25,0
0,0,38,1443,21,3,8,3,30,0
6,0,38,4180,70,0,14,3,30,0
16,0,40,14678,185,28,61,3,30,0
11,0,15,2978,43,27,16,3,30,0
7,0,37,4400,77,0,21,3,30,0
14,1,38,2573,50,41,33,4,45,1
3,0,35,6413,69,101,35,2,25,0
19,0,19,3867,62,46,21,3,30,0
17,0,27,15710,229,0,76,2,25,0
4,0,38,11340,156,15,50,3,30,0
5,0,17,1820,24,24,11,3,30,0
6,1,38,2685,41,10,15,3,30,1
2,0,36,818,8,18,7,4,45,1
5,0,8,4515,38,211,7,3,30,0
3,0,28,5253,82,4,16,2,25,1
12,0,35,2543,54,7,18,3,30,0
0,0,36,338,4,4,2,5,55,0
0,0,36,0,0,25,0,2,25,1
0,0,33,11100,145,0,43,3,30,0
14,0,38,3410,53,48,22,3,30,1
0,0,16,1390,20,21,12,2,25,0
5,0,40,2065,35,271,5,3,30,0
6,0,25,3825,71,29,38,3,30,0
16,0,41,4195,94,71,34,3,30,0
9,1,36,5218,88,5,9,2,25,1
17,0,28,1410,36,18,7,3,30,0
4,0,18,2628,41,34,21,3,30,0
5,0,38,438,8,7,4,3,30,1
0,0,31,490,6,0,5,2,25,0
0,0,34,6493,110,352,41,2,25,0
2,1,39,313,10,11,7,3,30,1
4,0,36,3280,75,16,23,2,25,0
8,0,16,2852,45,31,19,3,30,0
0,0,23,2730,54,0,18,3,30,0
8,0,34,4415,67,7,13,3,30,0
7,0,34,4290,69,0,13,2,25,0
15,0,37,9305,122,153,46,3,30,0
26,0,42,15220,227,64,36,3,30,0
10,0,34,5703,93,28,25,2,25,1
6,0,38,3598,56,0,20,1,15,0
7,0,34,4560,79,7,21,3,30,0
14,0,26,825,23,7,4,3,30,0
0,0,29,6153,59,86,29,2,25,0
0,0,40,7203,127,385,42,3,30,0
0,0,37,0,0,0,0,2,25,1
8,0,37,4255,65,0,13,2,25,0
8,0,34,7155,117,280,36,2,25,0
12,0,44,4775,93,17,31,3,30,0
5,0,31,2193,50,344,18,2,25,0
0,0,26,0,0,0,0,4,45,0
3,0,30,1883,36,17,25,3,30,1
13,0,38,2838,64,29,32,3,30,0
25,0,38,15140,225,54,32,3,30,0
30,1,37,16335,248,15,86,2,25,0
14,0,43,15745,192,165,36,2,25,0
8,1,11,1792,25,7,9,3,30,1
13,0,41,7270,128,286,36,3,30,0
5,0,9,4635,43,217,10,3,30,0
18,1,37,3895,57,37,33,3,30,1
9,0,37,2123,48,0,13,3,30,0
7,0,35,2745,38,7,16,3,30,1
17,0,43,4683,80,19,42,1,15,0
2,1,33,1960,48,52,33,3,30,1
5,0,35,4335,75,0,20,3,30,0
0,0,27,6400,89,0,16,4,45,0
13,0,12,5405,57,230,12,3,30,0
5,0,32,3065,26,7,12,3,30,0
0,0,10,1130,10,6,6,2,25,0
8,0,35,15780,186,164,43,2,25,0
26,1,30,1260,47,15,18,2,25,1
10,0,40,4630,88,0,24,3,30,0
5,0,33,6545,82,178,22,3,30,0
0,0,25,1010,30,186,9,2,25,0
4,1,34,2800,41,34,18,3,30,1
3,0,40,13548,165,3,46,3,30,0
12,0,35,7690,113,42,39,5,55,0
0,0,26,825,10,21,3,4,45,0
0,0,34,0,0,6,0,5,55,0
10,0,25,1225,32,19,13,2,25,0
0,0,37,248,8,32,6,3,30,1
24,0,40,10130,138,159,45,3,30,0
3,0,35,1558,33,9,31,3,30,1
0,0,37,875,14,0,11,2,25,0
10,0,35,14078,169,0,45,3,30,0
13,0,41,1725,31,28,10,3,30,0
0,0,38,0,0,3,0,3,30,1
5,0,35,13593,161,0,39,3,30,0
0,0,20,1010,24,178,8,2,25,0
6,1,36,2123,49,10,18,3,30,0
5,0,8,8627,159,58,37,4,45,0
0,0,34,2028,49,0,29,1,15,0
1,0,10,3985,35,197,12,3,30,0
10,0,39,6995,93,202,31,3,30,0
10,0,39,3370,77,14,30,3,30,0
20,0,19,9298,180,85,44,5,55,0
3,0,36,7393,121,352,39,2,25,0
7,0,38,4023,88,9,30,3,30,0
9,0,28,1505,36,168,9,2,25,0
21,0,18,6583,141,60,40,1,15,0
0,0,36,3528,81,0,25,2,25,0
8,0,35,8810,115,137,41,3,30,0
0,0,32,2535,16,0,12,3,30,0
14,0,22,3238,53,48,25,3,30,0
0,0,34,1475,44,63,22,3,30,0
13,0,37,4323,64,7,32,1,15,0
5,0,34,3075,57,189,36,2,25,0
0,0,30,2530,11,461,7,3,30,0
0,0,33,0,0,0,0,2,25,1
20,0,29,1605,41,38,24,3,30,0
0,0,38,6375,88,190,29,3,30,0
7,0,25,1693,37,26,65,5,55,0
9,0,39,6423,71,94,24,2,25,0
8,0,17,2968,51,63,23,3,30,0
7,0,41,11420,158,19,51,4,45,0
0,0,29,14920,166,128,22,2,25,0
11,0,27,700,25,10,7,2,25,0
0,0,38,0,0,7,0,5,55,0
3,0,35,3950,59,0,11,2,25,0
13,0,15,6277,136,87,43,1,15,0
0,0,24,1263,33,23,66,4,45,0
4,0,37,600,10,21,15,2,25,1
1,0,33,15120,173,138,26,2,25,0
18,0,42,4563,75,13,39,1,15,0
2,0,35,4095,71,0,19,3,30,0
16,1,37,3485,48,25,21,3,30,1
11,0,16,6203,141,110,44,2,25,0
4,0,14,4390,46,223,11,3,30,0
4,0,31,15225,172,135,24,2,25,0
16,0,36,14235,209,26,15,3,30,0
0,1,9,888,9,0,3,3,30,1
6,0,39,4110,78,0,27,3,30,0
2,0,31,11205,144,0,41,3,30,0
7,0,42,2053,33,17,12,4,45,0
4,0,38,1728,28,5,8,4,45,0
7,0,27,3530,67,15,25,3,30,0
8,0,16,2852,45,31,19,3,30,0
0,0,30,0,0,0,0,2,25,1
16,0,44,4583,74,18,41,1,15,0
10,0,33,1700,44,210,17,3,30,0
17,0,34,14775,216,42,28,2,25,0
0,0,6,3970,28,176,4,2,25,0
0,1,40,583,11,17,8,4,45,1
11,0,36,13998,173,7,42,3,30,0
12,1,11,2393,35,28,24,3,30,1
0,0,20,0,0,6,0,4,45,0
0,0,30,6600,107,259,29,2,25,0
11,0,40,2990,47,17,17,3,30,1
4,1,33,2685,35,2,14,2,25,1
11,0,11,6133,131,70,36,1,15,0
3,0,34,3410,73,20,24,2,25,0
9,0,43,4023,94,17,31,3,30,0
11,0,39,1148,19,15,4,3,30,1
2,0,31,1933,42,0,14,3,30,0
7,0,13,8627,165,66,38,4,45,0
12,0,37,3490,64,183,23,2,25,0
0,0,18,1450,23,26,14,2,25,0
5,0,36,2268,35,21,21,4,45,0
3,0,42,790,16,23,12,3,30,0
10,0,22,2060,35,40,18,3,30,0
9,0,28,1873,45,37,70,5,55,0
8,0,35,8810,115,137,41,3,30,0
20,0,42,9600,135,162,50,3,30,0
0,0,38,110,4,0,1,2,25,0
14,0,38,7330,125,283,37,3,30,0
6,0,35,15425,179,145,28,2,25,0
0,0,36,2088,52,0,31,1,15,0
15,0,39,5998,106,37,29,2,25,0
0,0,37,0,0,0,0,3,30,1
11,0,34,8935,113,133,38,3,30,0
5,0,32,3390,74,15,22,2,25,0
9,0,38,15600,188,182,34,2,25,0
15,0,29,2583,56,45,70,5,55,0
0,0,34,0,0,0,0,2,25,1
4,0,29,2730,31,0,10,2,25,1
14,0,25,1825,42,40,28,2,25,0
3,0,36,5858,92,2,10,2,25,0
1,0,32,6660,110,264,31,2,25,0
12,0,15,8933,171,73,40,4,45,0
16,0,40,4080,88,39,30,3,30,0
5,0,17,2728,47,35,22,3,30,0
9,0,21,1145,30,9,9,2,25,0
7,0,38,4515,83,2,25,3,30,0
0,0,32,2008,50,0,27,1,15,0
0,0,32,263,1,0,1,3,30,1
22,1,30,1715,42,25,9,3,30,1
17,0,44,4160,90,49,34,3,30,0
4,0,34,6775,115,262,30,2,25,0
6,0,34,6805,86,185,27,3,30,0
13,0,37,9115,121,144,43,3,30,0
14,0,31,9950,79,0,35,4,45,0
0,0,32,1935,6,0,2,3,30,0
21,0,38,14540,215,33,17,3,30,0
3,0,23,730,25,3,8,2,25,0
9,0,38,7210,97,194,26,3,30,0
6,0,35,6900,102,12,21,5,55,0
0,0,33,1765,36,143,21,2,25,0
12,0,38,4970,81,26,32,3,30,0
0,0,30,11160,142,0,44,3,30,0
0,0,32,1975,31,268,12,3,30,0
6,1,30,1495,44,204,16,2,25,1
7,0,44,305,12,15,3,3,30,1
1,0,35,2590,53,200,25,2,25,0
1,0,34,630,12,3,4,2,25,0
4,0,25,3415,62,17,26,3,30,0
19,0,40,7733,92,123,39,2,25,0
5,0,22,805,20,0,7,1,15,0
6,0,38,1973,31,7,8,4,45,0
9,0,20,2190,33,44,19,3,30,0
0,0,38,0,0,0,0,2,25,1
11,0,27,4130,77,36,40,3,30,0
5,0,36,1000,12,7,8,2,25,0
32,0,33,16570,245,16,85,2,25,0
0,0,34,2240,12,0,4,3,30,0
16,0,39,9175,124,149,45,3,30,0
0,0,35,815,11,0,9,2,25,0
19,0,32,14755,217,37,26,3,30,0
14,0,40,7515,103,201,28,3,30,0
18,0,39,9420,127,151,45,3,30,0
0,0,33,0,0,0,0,4,45,0
4,0,25,205,18,0,2,2,25,0
12,0,39,11770,160,18,49,4,45,0
3,0,36,5803,90,9,13,2,25,0
5,0,10,8448,157,55,33,4,45,0
0,0,34,4150,74,0,21,3,30,0
1,0,36,1005,18,27,21,2,25,0
17,0,36,6418,108,47,39,2,25,0
10,0,37,4640,81,7,22,3,30,0
15,0,12,9237,171,72,41,4,45,0
2,1,27,1070,33,191,11,2,25,0
0,0,31,405,2,0,5,2,25,0
0,0,31,4210,71,0,22,3,30,0
14,0,40,5898,100,36,28,2,25,1
1,0,26,2820,56,0,25,3,30,0
26,1,35,1015,50,21,19,3,30,1
0,0,35,7448,124,379,41,2,25,0
8,0,22,1045,24,8,8,2,25,0
0,0,33,0,0,0,0,4,45,0
1,0,35,6223,68,92,32,2,25,0
13,0,39,7450,130,289,40,3,30,0
16,1,40,3475,55,27,23,3,30,1
18,0,38,6123,104,33,26,2,25,0
0,0,35,1378,41,0,31,1,15,0
0,0,35,5813,59,80,20,2,25,0
31,1,39,15850,236,62,32,3,30,0
0,0,30,5770,80,0,20,4,45,0
15,1,41,3375,49,26,22,3,30,1
2,0,38,710,14,13,8,3,30,0
0,0,29,0,0,0,0,2,25,1
10,0,42,7993,141,402,50,3,30,0
5,0,36,4310,68,0,15,2,25,0
11,0,38,3775,82,32,28,3,30,0
14,0,40,15905,194,189,36,3,30,0
3,0,37,1528,43,0,17,3,30,0
12,0,39,7405,102,214,43,3,30,0
7,0,39,13888,175,32,48,3,30,0
0,0,36,338,4,4,2,5,55,0
25,0,34,10660,97,7,40,5,55,0
14,0,38,4798,76,22,50,1,15,0
4,0,35,15180,176,143,28,2,25,0
5,0,42,598,14,19,8,5,55,0
2,0,32,13513,159,0,38,3,30,0
3,0,31,3893,54,0,32,1,15,0
6,0,37,1048,15,12,2,5,55,0
11,0,37,12065,164,32,62,4,45,0
1,0,32,1903,35,22,27,3,30,1
5,0,38,2043,40,37,33,3,30,1
0,0,40,2168,54,5,35,1,15,0
0,0,40,293,8,12,6,5,55,0
0,0,36,405,8,6,6,2,25,0
0,0,31,0,0,0,0,4,45,1
21,0,40,14915,221,57,34,3,30,0
9,0,38,2048,55,341,26,3,30,0
21,0,46,4340,98,54,36,3,30,0
0,0,34,428,6,14,15,3,30,1
0,0,27,6660,104,256,30,2,25,0
17,0,45,12030,170,33,55,4,45,0
0,0,34,323,1,2,2,4,45,1
0,0,36,0,0,0,0,2,25,0
2,0,33,6420,84,176,22,3,30,0
0,0,37,0,0,0,0,2,25,0
0,0,39,1363,25,1,5,4,45,0
0,0,32,6015,72,168,19,3,30,0
8,0,33,5398,86,0,18,2,25,1
28,0,35,15445,225,53,33,3,30,0
8,0,40,2698,64,9,35,2,25,0
15,0,39,2758,66,366,26,3,30,0
0,0,33,510,5,0,7,2,25,0
4,0,20,395,13,0,4,2,25,0
1,0,32,1485,36,27,15,3,30,0
15,0,43,4855,85,23,24,3,30,0
30,0,40,15445,231,61,34,3,30,0
11,0,41,6865,95,198,30,3,30,0
10,0,43,4370,77,13,18,3,30,0
0,0,36,1898,51,0,28,1,15,0
2,0,25,3225,61,8,23,3,30,0
6,0,34,6965,116,271,33,2,25,0
0,0,22,1203,30,18,64,4,45,0
10,0,41,15565,184,160,34,2,25,0
1,0,36,5613,89,0,10,2,25,0
0,0,36,0,0,0,0,3,30,1
8,1,31,2910,39,0,12,3,30,1
2,0,41,628,13,17,5,4,45,1
15,0,36,7870,132,299,50,3,30,0
2,0,24,3110,55,0,19,3,30,0
7,0,20,2000,32,35,16,3,30,0
14,0,38,7428,86,116,37,2,25,0
2,0,28,2685,29,0,13,2,25,1
28,0,41,10920,107,19,49,5,55,0
8,1,35,5628,98,51,26,2,25,1
5,0,33,8750,112,132,39,3,30,0
4,0,34,4913,82,0,7,2,25,1
7,0,44,803,19,25,11,3,30,0
2,0,38,2920,24,10,18,3,30,0
14,1,12,2502,36,15,9,3,30,1
2,0,26,1015,11,30,6,4,45,0
13,0,21,2710,43,43,16,3,30,0
9,0,38,13963,170,9,47,3,30,0
19,0,33,355,37,0,2,2,25,1
1,0,30,3210,66,10,20,2,25,0
0,0,37,0,0,9,0,2,25,0
5,0,38,305,6,7,2,2,25,1
6,0,26,1758,40,39,71,4,45,0
0,0,36,2790,21,476,6,3,30,0
12,0,38,11655,154,7,45,3,30,0
7,0,33,11510,150,7,43,4,45,0
9,0,40,2223,48,42,35,3,30,1
0,0,16,1635,23,23,12,2,25,0
18,0,42,6078,108,41,30,2,25,0
6,0,38,3285,28,492,11,3,30,0
6,0,36,3470,76,25,26,2,25,0
0,0,13,1695,20,20,13,2,25,0
0,0,21,2860,52,0,19,3,30,0
0,0,40,0,0,0,0,3,30,0
0,0,31,6290,90,0,17,4,45,0
14,0,37,3900,80,28,25,3,30,0
0,1,6,1068,7,0,1,2,25,1
3,0,34,3015,25,473,4,3,30,0
0,0,38,1793,48,0,18,1,15,0
12,0,40,2298,57,13,19,3,30,0
4,0,33,1973,25,0,7,3,30,0
0,0,37,0,0,0,0,2,25,0
6,1,8,1613,17,7,4,3,30,1
11,0,42,2758,67,14,37,2,25,0
12,0,16,3453,55,52,34,3,30,0
10,0,29,1180,36,27,17,2,25,0
8,0,37,14178,174,1,42,3,30,0
17,0,33,1085,33,27,13,3,30,0
0,0,29,0,0,0,0,4,45,0
7,0,43,438,14,15,5,3,30,1
8,0,39,7813,133,391,45,3,30,0
2,0,26,1378,38,21,65,4,45,0
13,0,41,4790,83,44,23,3,30,0
0,0,23,3110,56,10,24,3,30,0
0,0,31,5613,83,0,9,2,25,0
10,0,42,4153,70,9,39,1,15,0
5,0,38,4325,82,0,22,3,30,0
19,0,45,16050,198,172,38,2,25,0
6,1,11,1548,22,5,9,3,30,1
0,0,19,750,20,171,3,2,25,0
16,0,16,6278,135,53,38,1,15,0
7,1,7,1713,23,7,5,3,30,1
13,0,24,1350,30,15,10,2,25,0
0,0,14,1330,17,16,10,2,25,0
10,0,45,2698,70,17,36,2,25,0
5,0,38,1845,52,49,25,3,30,0
5,0,36,3893,60,0,33,1,15,0
0,0,29,0,0,0,0,3,30,1
13,0,36,9000,115,112,39,3,30,0
0,0,33,2703,65,0,26,2,25,0
2,0,34,2313,56,0,29,1,15,0
1,1,31,2625,32,0,12,2,25,1
0,0,30,1795,23,263,10,3,30,0
4,0,40,11160,154,12,46,4,45,0
19,0,36,10245,92,0,39,5,55,0
4,0,38,2360,39,285,18,3,30,0
11,0,43,3580,41,501,15,3,30,0
5,0,20,1755,29,33,16,2,25,0
3,0,38,688,10,14,6,4,45,1
0,0,30,1283,17,0,5,3,30,0
5,1,5,1533,15,7,3,3,30,1
3,0,35,1665,44,38,20,3,30,0
16,0,29,15170,222,0,63,2,25,0
1,0,34,2840,22,0,14,3,30,0
0,0,28,0,0,0,0,3,30,1
9,0,41,2780,51,324,24,4,45,0
15,0,27,1530,38,26,15,2,25,0
0,0,32,2345,15,0,9,3,30,0
0,0,37,1650,28,260,18,3,30,0
0,0,35,2760,65,0,26,2,25,0
7,0,29,475,21,13,9,2,25,0
13,0,45,8073,143,406,51,3,30,0
3,0,33,3713,52,0,28,1,15,0
0,1,34,0,0,0,0,2,25,1
1,0,37,5728,95,32,14,3,30,0
22,0,29,15960,233,2,81,2,25,0
11,1,35,3180,42,18,19,3,30,1
0,0,33,710,8,5,7,2,25,0
2,0,36,2870,66,4,11,2,25,0
3,0,39,2690,22,465,10,3,30,0
0,0,18,0,0,0,0,4,45,0
8,1,40,993,16,21,8,4,45,1
7,0,41,3893,66,2,34,1,15,0
18,0,38,3173,60,62,48,4,45,1
8,0,38,7698,127,359,41,2,25,0
6,0,40,1028,16,15,4,3,30,0
4,0,39,6493,71,111,39,2,25,0
7,0,32,15485,176,142,29,2,25,0
0,0,35,1065,34,17,5,3,30,0
9,1,38,2238,54,8,17,3,30,0
11,0,34,7023,75,107,38,2,25,0
6,0,33,2875,36,11,17,2,25,1
9,0,40,2665,45,292,20,3,30,0
7,0,38,2485,49,161,10,2,25,0
7,0,38,4023,88,9,30,3,30,0
7,0,41,1113,21,27,11,4,45,1
0,0,36,215,7,0,3,2,25,0
13,0,40,4258,69,6,37,1,15,0
7,1,33,2088,36,23,26,3,30,1
25,0,30,15960,232,0,76,2,25,0
0,0,34,318,4,0,3,2,25,0
0,0,31,6725,94,9,20,4,45,0
0,0,32,0,0,0,0,2,25,1
6,0,34,4435,81,0,21,3,30,0
9,0,38,1038,18,28,19,3,30,1
0,0,24,2515,50,0,23,3,30,0
0,0,33,2085,25,0,9,2,25,1
0,0,27,3000,57,11,25,3,30,0
7,0,40,1015,20,20,10,3,30,0
0,0,32,0,0,0,0,2,25,1
5,0,33,7030,100,16,22,5,55,0
21,1,40,10390,97,9,46,5,55,0
7,0,31,1310,24,39,10,4,45,0
12,0,42,2725,48,297,22,4,45,0
8,0,24,2080,34,45,20,3,30,0
9,0,40,5978,98,12,14,3,30,0
10,0,38,6518,105,28,27,3,30,0
13,0,29,2220,52,221,28,3,30,0
2,0,8,4275,34,183,6,3,30,0
8,0,15,8333,161,52,25,4,45,0
3,0,38,743,12,7,3,4,45,1
0,0,40,570,14,1,10,2,25,0
6,0,38,3340,30,485,8,3,30,0
0,0,28,3153,66,0,20,2,25,0
15,1,44,2623,62,25,23,3,30,0
0,0,37,0,0,0,0,2,25,1
10,0,36,3745,38,28,31,3,30,0
14,0,36,4423,70,7,33,2,25,0
13,0,36,2578,58,355,21,3,30,0
18,0,39,6238,110,65,30,3,30,0
3,0,32,6905,113,266,31,2,25,0
6,0,26,510,25,35,9,3,30,0
0,0,30,0,0,0,0,2,25,0
6,0,34,6965,116,271,33,2,25,0
0,0,28,6300,83,0,15,4,45,0
9,0,16,4695,52,230,13,3,30,0
24,0,29,16370,242,14,93,2,25,0
2,0,37,4325,83,27,27,3,30,0
0,0,10,4265,42,219,13,3,30,0
8,0,39,1420,25,21,8,3,30,0
8,1,12,1908,31,39,13,3,30,1
8,0,38,6833,81,140,41,2,25,0
7,0,11,4695,46,222,12,3,30,0
4,0,41,7588,129,394,47,3,30,0
4,0,18,1885,27,37,17,2,25,0
2,0,39,825,20,45,12,3,30,0
16,0,42,4735,80,17,21,3,30,0
2,0,32,4255,73,0,19,3,30,0
5,1,38,305,6,7,2,3,30,1
11,0,29,1840,27,36,5,4,45,0
8,0,39,6805,92,193,28,3,30,0
21,0,35,10320,87,0,38,4,45,0
30,0,44,15400,235,69,38,3,30,0
0,0,33,1360,38,31,18,3,30,0
8,0,41,1925,54,53,26,3,30,0
20,0,36,14835,219,47,30,3,30,0
25,0,31,16075,238,0,80,2,25,0
28,1,36,1375,59,55,23,3,30,1
0,0,7,4085,34,208,8,3,30,0
26,1,37,15545,230,55,30,3,30,0
7,0,13,8627,165,66,38,4,45,0
3,0,23,335,16,0,3,2,25,0
9,1,39,2945,45,17,20,3,30,1
18,0,30,535,35,0,11,2,25,1
11,0,35,3235,44,11,16,3,30,1
1,0,38,2148,55,0,33,1,15,0
4,0,36,2535,50,173,23,2,25,0
15,0,36,4000,86,29,26,3,30,0
0,0,37,258,2,2,2,2,25,0
13,0,27,1285,35,24,15,2,25,0
13,0,32,700,31,18,8,3,30,0
9,0,45,1015,26,28,11,3,30,0
15,0,40,4865,78,21,22,3,30,0
3,0,36,1780,50,70,24,4,45,0
2,0,38,2905,26,474,5,3,30,0
2,0,37,13583,169,25,46,3,30,0
16,0,33,960,35,25,13,3,30,0
0,0,11,1390,14,13,11,2,25,0
6,0,37,1853,50,338,9,2,25,0
3,0,13,2433,33,0,13,3,30,0
8,0,41,365,9,12,4,3,30,1
24,0,34,15060,223,44,28,3,30,0
2,0,39,808,15,20,9,4,45,1
4,0,31,1270,40,201,15,2,25,0
0,1,32,0,0,0,0,3,30,1
3,0,39,1620,48,46,24,3,30,0
2,0,38,6095,81,168,28,3,30,0
3,0,35,1665,44,38,20,3,30,0
0,0,38,1760,29,264,3,3,30,0
23,0,31,15830,235,0,80,2,25,0
15,0,38,2643,60,334,22,2,25,0
7,0,35,2665,39,284,19,3,30,0
18,0,32,1185,39,28,14,3,30,0
7,0,39,900,14,7,6,2,25,0
22,0,38,6723,114,54,41,3,30,0
0,0,33,6135,77,174,22,3,30,0
5,0,39,563,8,9,4,3,30,0
3,0,35,6413,69,101,35,2,25,0
0,1,38,403,3,12,6,4,45,1
11,0,34,1620,48,208,14,3,30,0
0,0,35,6440,83,181,24,3,30,0
0,0,31,1300,35,26,16,3,30,0
0,0,37,0,0,0,0,2,25,1
2,0,44,318,11,15,5,3,30,0
10,0,36,15890,187,151,28,2,25,0
18,0,31,14835,213,39,29,2,25,0
0,0,36,3118,72,0,13,2,25,0
0,0,25,2980,58,6,23,3,30,0
1,0,37,7263,124,382,43,2,25,0
5,0,36,305,6,7,2,5,55,0
2,0,26,1323,36,28,68,4,45,0
11,0,35,4675,71,4,18,2,25,0
3,0,32,1853,46,0,11,3,30,0
9,0,20,2933,47,41,23,3,30,0
21,1,36,10435,93,1,42,5,55,0
0,0,34,0,0,0,0,4,45,1
9,0,35,3595,74,21,23,3,30,0
6,0,14,8222,160,48,40,4,45,0
9,0,38,1243,20,32,19,5,55,0
5,0,35,305,6,7,2,5,55,0
0,0,35,958,14,0,6,3,30,0
10,0,39,11525,157,16,49,4,45,0
0,0,34,10450,137,0,45,3,30,0
1,0,32,6233,61,90,30,2,25,0
0,0,25,0,0,0,0,2,25,0
0,0,36,0,0,0,0,2,25,0
16,0,45,2543,66,23,20,4,45,0
0,0,37,1263,20,0,8,4,45,0
12,0,29,405,21,7,2,3,30,0
13,0,18,6268,143,89,45,1,15,0
9,0,34,2283,50,7,13,3,30,0
6,0,32,1970,44,37,21,3,30,0
9,0,40,3400,33,490,10,3,30,0
15,0,27,1530,38,26,15,2,25,0
14,0,12,6392,135,77,41,1,15,0
11,0,36,4740,87,7,23,3,30,0
7,0,31,50,2,0,1,2,25,1
10,0,37,6908,76,117,40,2,25,0
3,0,38,2393,58,2,33,1,15,0
9,0,33,2373,58,349,20,2,25,0
2,0,35,11160,148,4,45,3,30,0
15,0,43,15870,190,167,36,2,25,0
3,0,37,2655,55,179,26,2,25,0
1,0,36,3035,24,478,6,3,30,0
7,0,23,1873,39,29,69,4,45,0
8,0,36,6603,69,76,33,2,25,0
4,0,25,1453,33,0,64,4,45,0
20,0,44,9420,133,159,46,3,30,0
3,0,36,3703,59,0,30,2,25,0
13,0,41,7350,113,36,30,5,55,0
5,0,19,965,22,4,7,2,25,0
12,0,39,13963,169,7,42,3,30,0
3,0,37,6740,101,22,26,5,55,0
11,0,40,1015,17,15,2,3,30,1
0,0,36,2055,33,278,16,3,30,0
0,0,33,2650,22,25,16,3,30,0
14,0,29,10130,81,0,39,4,45,0
0,0,34,568,4,4,2,4,45,1
0,0,28,0,0,0,0,3,30,0
5,1,11,1193,15,7,2,3,30,1
18,0,34,10375,90,0,40,4,45,0
14,0,45,4820,95,17,28,4,45,0
16,1,43,2723,68,26,24,3,30,0
0,1,28,0,0,0,0,4,45,1
8,1,34,2563,48,48,44,3,30,1
18,0,31,650,41,9,15,2,25,1
11,0,42,3730,86,40,32,3,30,0
10,0,36,6143,99,7,10,3,30,0
3,0,28,940,15,19,2,4,45,0
5,0,37,818,7,7,2,4,45,1
3,0,32,4110,61,0,11,2,25,0
18,0,36,14645,218,38,27,3,30,0
6,0,39,2088,37,39,12,4,45,0
0,0,41,2088,58,3,32,2,25,0
3,0,33,643,4,3,3,5,55,0
17,0,16,6797,146,86,40,1,15,0
11,0,45,2665,51,300,21,4,45,0
9,0,35,2990,41,9,16,3,30,1
8,0,36,3715,79,27,26,3,30,0
9,0,41,13953,177,11,49,3,30,0
5,0,37,7753,130,386,43,3,30,0
8,0,36,11870,159,12,45,3,30,0
0,0,36,2278,53,4,34,1,15,0
32,1,36,16560,252,18,87,2,25,0
0,0,24,1263,33,23,66,4,45,0
5,0,40,770,17,18,10,3,30,0
15,0,40,4503,72,8,37,1,15,0
5,0,25,305,6,17,2,4,45,0
8,0,36,3025,56,177,23,2,25,0
9,0,36,4493,70,15,48,1,15,0
6,0,37,5803,89,0,8,2,25,0
17,0,46,14338,185,22,52,3,30,0
13,0,38,12175,165,19,47,4,45,0
6,0,7,4615,44,212,8,3,30,0
11,0,41,2533,62,369,28,3,30,0
8,0,42,4103,90,19,34,3,30,0
18,0,40,12480,171,26,49,4,45,0
0,0,35,438,7,34,6,4,45,1
9,0,36,2268,44,34,31,3,30,1
4,0,33,2685,35,2,14,2,25,1
4,0,37,6118,65,87,22,2,25,0
12,0,44,4283,98,24,36,3,30,0
0,0,33,760,28,10,3,3,30,0
7,0,29,1430,41,191,10,3,30,0
0,0,31,0,0,0,0,5,55,0
0,0,33,1248,13,0,3,3,30,0
12,1,38,2328,47,39,33,3,30,1
13,0,44,4630,81,20,23,3,30,0
6,0,32,1210,18,38,9,4,45,0
0,0,22,830,22,175,4,2,25,0
4,0,13,1568,21,10,11,3,30,1
24,1,32,15670,233,0,82,2,25,0
2,0,10,2468,37,14,13,3,30,0
7,0,31,8730,113,127,37,3,30,0
5,0,36,305,6,7,2,3,30,1
3,0,37,6500,86,186,26,3,30,0
15,0,31,1485,42,34,19,2,25,0
0,0,36,0,0,0,0,4,45,1
3,0,37,6500,86,186,26,3,30,0
0,0,19,2840,53,0,17,3,30,0
3,0,28,910,31,175,13,2,25,0
11,0,35,11690,158,8,45,4,45,0
0,0,37,743,13,41,8,4,45,1
2,0,36,3718,82,2,28,2,25,0
1,0,38,723,10,8,2,2,25,0
11,0,39,2158,56,345,11,3,30,0
0,0,39,6275,82,189,28,3,30,0
2,0,31,1783,30,16,24,3,30,1
10,0,35,9000,116,146,44,3,30,0
7,0,35,7013,79,122,50,2,25,0
3,0,38,193,5,5,4,3,30,1
0,0,36,760,8,0,7,2,25,0
5,1,14,1487,25,8,8,3,30,1
8,0,40,2698,64,9,35,2,25,0
6,0,33,11385,152,1,43,3,30,0
25,1,36,1135,55,27,22,2,25,1
11,0,37,8870,118,142,43,3,30,0
14,1,39,2688,56,73,37,4,45,1
15,0,23,3157,57,46,22,4,45,0
1,0,41,80,2,10,4,2,25,1
14,0,40,2543,60,15,19,3,30,0
0,0,35,290,2,0,2,2,25,0
0,0,40,88,6,8,6,3,30,1
7,0,37,11465,154,11,47,4,45,0
9,0,39,2550,39,260,16,3,30,0
0,0,32,0,0,0,0,2,25,0
0,0,30,0,0,0,0,3,30,0
8,0,38,4370,71,5,17,3,30,0
0,1,7,1183,13,0,5,2,25,1
7,0,37,15240,179,148,30,2,25,0
4,0,38,1783,30,0,5,4,45,0
0,0,26,580,7,19,3,4,45,0
0,0,37,453,10,36,6,5,55,0
13,0,38,9230,127,176,47,3,30,0
12,0,37,5413,93,8,26,2,25,1
0,0,41,405,14,14,7,3,30,0
15,1,37,2978,55,42,31,3,30,1
4,0,26,1568,39,30,68,4,45,0
0,0,33,0,0,0,0,3,30,1
4,0,37,2048,54,33,19,3,30,0
15,0,41,4110,44,498,10,4,45,0
5,0,32,305,6,7,2,3,30,1
10,0,34,4243,62,7,31,2,25,0
9,0,29,1620,42,200,13,3,30,0
17,0,42,2938,74,377,31,3,30,0
3,0,37,6500,86,186,26,3,30,0
3,0,28,885,13,26,5,4,45,0
20,0,36,14835,219,47,30,3,30,0
1,0,32,5658,85,0,6,2,25,0
31,1,32,16785,249,8,80,2,25,0
11,0,45,3400,39,498,11,4,45,0
13,0,43,6403,109,25,19,3,30,0
10,0,19,3033,53,42,24,3,30,0
0,0,31,0,0,0,0,2,25,1
3,0,31,15100,174,133,24,2,25,0
27,1,34,16255,246,11,85,2,25,0
18,1,27,695,37,1,11,2,25,1
0,0,38,115,6,32,4,2,25,1
10,0,42,1075,23,25,12,3,30,0
0,0,34,0,0,0,0,5,55,0
2,0,25,3225,61,8,23,3,30,0
0,0,9,4145,37,213,10,3,30,0
4,0,37,6865,99,24,26,5,55,0
12,0,37,3050,44,14,18,3,30,1
2,0,34,8100,104,112,41,3,30,0
1,0,41,2055,39,286,17,3,30,0
0,0,29,6420,88,2,18,4,45,0
4,0,26,1200,30,161,7,2,25,0
12,0,28,1405,40,30,18,2,25,0
10,0,36,3380,63,196,38,2,25,0
4,0,37,2245,33,253,14,3,30,0
0,0,33,1360,38,31,18,3,30,0
10,0,38,4560,72,14,20,3,30,0
3,0,33,933,7,8,5,4,45,1
11,0,36,7270,122,278,35,3,30,0
11,0,36,7270,122,278,35,3,30,0
6,0,39,13368,164,0,46,3,30,0
14,0,40,3145,62,187,27,2,25,0
5,0,39,1180,20,7,13,2,25,0
12,0,35,6943,79,105,35,2,25,0
12,0,40,3298,74,30,50,2,25,0
10,0,16,1792,31,15,10,3,30,1
8,0,41,3145,34,15,17,4,45,0
0,0,36,133,2,0,2,3,30,1
0,0,35,0,0,0,0,2,25,0
0,0,30,0,0,0,0,2,25,1
0,0,36,2615,18,3,16,3,30,0
5,0,28,1273,35,16,55,4,45,0
0,0,36,3610,67,0,8,3,30,0
17,0,19,6098,137,71,29,2,25,0
0,0,36,628,7,9,4,4,45,1
2,0,31,6333,67,91,31,2,25,0
3,0,37,4180,71,30,19,3,30,0
1,0,32,3638,80,0,24,2,25,0
1,0,34,2840,22,0,14,3,30,0
21,0,32,10480,89,7,38,5,55,0
7,0,37,11465,154,11,47,4,45,0
13,0,17,8638,167,59,27,5,55,0
2,0,38,2170,38,276,15,3,30,0
16,0,41,7083,84,120,41,2,25,0
5,0,38,2583,59,11,36,1,15,0
10,0,15,8742,170,64,37,4,45,0
17,0,37,7980,133,286,35,3,30,0
0,0,35,2435,17,0,16,3,30,0
7,0,35,2393,57,354,22,2,25,0
8,0,36,3660,77,34,29,2,25,0
6,0,37,843,13,8,2,3,30,1
5,0,33,4515,77,0,24,3,30,0
2,0,27,1125,35,184,8,2,25,0
6,0,16,2608,42,29,19,3,30,0
2,0,35,7803,131,398,56,2,25,0
5,0,12,1668,27,11,12,3,30,1
8,0,42,4325,75,13,21,3,30,0
0,0,21,1083,25,12,61,4,45,0
13,0,19,9013,173,83,44,5,55,0
21,0,40,3468,77,374,26,3,30,0
23,0,19,6887,148,101,47,2,25,0
31,1,37,1320,56,28,21,3,30,1
25,0,42,15095,229,62,36,3,30,0
12,0,40,4820,89,9,27,3,30,0
9,0,11,4885,47,231,15,3,30,0
5,0,38,1065,14,7,9,2,25,0
30,1,35,1450,54,32,22,3,30,1
8,1,11,1793,25,7,9,3,30,1
19,0,37,14430,214,29,32,3,30,0
6,0,42,518,10,17,8,3,30,1
8,0,31,8855,111,129,37,3,30,0
11,0,43,2845,53,303,25,3,30,0
9,0,10,6087,129,70,39,1,15,0
7,0,37,8108,137,405,58,3,30,0
10,0,38,4198,66,1,35,1,15,0
1,0,37,6255,83,184,26,3,30,0
3,0,39,935,17,5,13,2,25,0
29,0,31,16675,248,21,95,2,25,0
5,0,33,4023,82,1,29,2,25,0
35,0,39,16640,254,22,88,2,25,0
7,0,33,1890,48,35,18,3,30,0
4,0,22,215,11,0,3,2,25,0
4,0,38,2360,39,285,18,3,30,0
8,0,30,395,25,11,6,3,30,0
9,0,35,2990,41,9,16,3,30,1
19,0,17,9427,178,89,45,5,55,0
5,0,38,643,10,11,4,5,55,0
0,0,3,0,0,0,0,2,25,1
0,0,23,2920,55,1,21,3,30,0
20,0,38,6313,105,42,29,2,25,0
6,0,29,1748,47,41,73,4,45,0
12,0,14,8818,165,41,36,4,45,0
8,0,41,2780,59,183,24,2,25,0
4,0,24,515,21,0,13,2,25,0
9,1,38,2238,54,8,17,3,30,0
16,0,28,890,25,7,5,2,25,0
3,0,39,5793,97,11,15,2,25,0
16,0,34,9420,121,143,44,3,30,0
5,0,38,13528,166,0,44,3,30,0
8,0,26,2168,49,51,83,4,45,0
9,0,23,1520,36,33,26,2,25,0
32,1,35,1860,63,44,34,3,30,1
17,0,32,245,36,0,17,2,25,1
25,1,38,955,53,24,18,3,30,1
15,0,27,1530,38,26,15,2,25,0
0,0,34,923,11,23,17,4,45,1
5,0,35,305,6,7,2,2,25,0
20,0,40,4680,98,60,45,3,30,0
0,0,34,14470,165,118,28,2,25,0
0,0,23,0,0,10,0,4,45,0
11,0,23,745,21,7,3,2,25,0
27,0,37,11145,104,9,42,5,55,0
6,0,37,6528,74,99,34,2,25,0
16,1,38,2763,51,50,36,4,45,1
16,0,40,2733,61,24,22,3,30,0
0,0,31,5880,81,0,5,4,45,0
1,0,33,2393,52,0,32,1,15,0
5,0,39,758,16,43,8,5,55,0
11,0,38,3775,82,32,28,3,30,0
13,0,39,2513,63,364,26,3,30,0
9,0,13,8817,166,75,41,4,45,0
0,0,33,1605,41,33,18,3,30,0
1,0,28,1190,38,197,14,2,25,0
19,1,44,2833,60,56,39,4,45,1
1,0,9,1297,18,0,4,3,30,1
4,0,38,900,15,22,11,3,30,0
0,0,19,2965,51,0,17,3,30,0
19,0,19,6453,144,90,44,2,25,0
1,0,36,2300,36,280,16,3,30,0
6,0,36,2780,53,175,23,2,25,0
6,0,36,3145,28,7,16,3,30,0
2,0,42,875,20,8,12,2,25,0
31,0,44,11000,109,23,50,5,55,0
14,1,40,2543,60,15,19,3,30,0
6,0,42,5873,99,15,16,3,30,0
7,0,42,3978,92,17,34,3,30,0
3,0,35,1665,44,38,20,3,30,0
20,0,32,14880,215,39,26,3,30,0
0,0,31,2055,27,270,15,3,30,0
12,0,16,9048,177,105,44,5,55,0
3,0,39,1848,33,11,11,3,30,0
4,0,12,4570,48,226,15,3,30,0
2,0,33,3245,27,1,12,3,30,0
0,0,33,1253,27,2,29,3,30,1
0,0,7,992,12,0,2,2,25,1
0,0,35,3500,66,0,23,3,30,0
16,0,17,6392,141,85,42,2,25,0
11,0,37,7150,106,26,26,5,55,0
5,0,34,5838,93,0,8,2,25,0
7,0,40,3225,30,17,20,3,30,0
2,0,32,15000,168,132,23,2,25,0
0,0,16,0,0,0,0,2,25,0
13,0,15,6333,138,80,40,1,15,0
3,0,36,14775,171,125,30,2,25,0
8,0,32,2188,42,24,27,3,30,1
8,0,40,13478,165,7,31,3,30,0
8,0,31,3610,69,25,29,3,30,0
9,0,40,3400,33,490,10,3,30,0
0,0,38,465,11,11,8,2,25,0
0,0,34,1438,43,327,22,2,25,0
12,0,37,4180,87,33,26,3,30,0
7,0,40,2420,42,290,20,3,30,0
9,0,44,2778,66,19,39,2,25,0
5,0,38,3423,78,7,15,3,30,0
5,0,28,305,6,7,2,4,45,0
0,0,32,2100,29,270,12,3,30,0
0,0,36,0,0,0,0,2,25,1
11,0,39,2030,53,50,24,4,45,0
10,0,14,1973,33,18,14,3,30,1
0,0,15,1275,14,0,8,2,25,0
11,1,36,5573,95,24,24,2,25,1
5,0,40,2098,54,7,20,2,25,0
16,0,35,10245,93,26,44,5,55,0
14,0,42,11950,168,29,54,4,45,0
16,0,39,15980,189,166,35,2,25,0
8,0,36,3335,29,16,19,3,30,0
3,0,35,4123,87,3,26,2,25,0
8,0,44,1095,22,30,14,3,30,0
10,0,21,2852,51,39,20,3,30,0
11,0,27,700,25,10,7,2,25,0
18,0,26,15590,224,0,73,2,25,0
16,0,39,3965,82,7,26,3,30,0
0,0,35,7393,122,386,44,2,25,0
0,0,36,0,0,1,0,2,25,1
21,0,31,15475,228,0,65,2,25,0
14,0,43,14258,183,18,51,3,30,0
21,0,19,6697,147,92,44,2,25,0
8,0,43,1973,37,15,9,4,45,0
0,0,9,3790,30,194,23,3,30,0
4,0,35,2078,44,59,33,3,30,1
14,0,44,11770,166,26,50,4,45,0
5,0,38,6785,103,22,23,5,55,0
0,0,30,2475,13,0,10,3,30,0
22,0,34,15770,238,1,79,2,25,0
0,0,3,4085,28,200,7,2,25,0
0,0,35,6560,93,17,24,4,45,0
5,0,35,2148,54,352,22,2,25,0
8,0,25,585,20,12,8,2,25,0
5,0,33,6975,98,23,25,5,55,0
13,0,27,1340,37,17,12,2,25,0
2,1,33,4803,81,0,22,2,25,1
22,0,39,15015,227,58,35,3,30,0
15,0,42,4880,92,14,29,4,45,0
0,0,41,0,0,8,0,2,25,1
30,0,41,15560,237,93,38,3,30,0
16,0,39,4908,77,9,35,1,15,0
18,0,32,765,47,41,19,3,30,1
1,0,25,1200,31,195,12,2,25,0
0,0,36,685,14,25,13,2,25,0
2,0,40,3673,86,10,32,2,25,0
6,0,21,440,15,0,1,2,25,0
4,0,27,1683,45,62,72,5,55,0
18,0,24,15770,226,0,77,2,25,0
9,0,36,2268,44,34,31,3,30,1
2,0,39,508,6,16,7,2,25,0
19,0,22,9237,183,88,43,5,55,0
5,0,39,305,6,7,2,2,25,1
10,0,40,8810,121,145,42,3,30,0
20,0,28,15655,226,0,74,2,25,0
0,0,28,2580,12,0,8,3,30,0
11,0,39,1643,24,24,6,4,45,1
12,0,19,6168,137,88,44,1,15,0
0,1,34,0,0,0,0,3,30,1
8,0,28,575,27,14,10,2,25,0
19,0,31,1065,34,22,11,3,30,0
3,0,29,3305,63,18,27,3,30,0
1,0,14,1615,24,18,10,2,25,0
7,0,14,3148,49,45,32,3,30,0
0,0,37,875,14,0,11,2,25,0
4,0,35,1818,42,0,11,3,30,0
11,1,41,2268,50,42,32,4,45,1
3,0,36,6528,75,133,39,2,25,0
9,0,39,7170,105,31,28,5,55,0
0,0,41,830,18,8,15,2,25,0
6,0,37,1780,49,36,19,3,30,0
8,0,34,7210,119,273,33,2,25,0
8,0,44,2653,68,17,39,2,25,0
18,0,39,9420,127,151,45,3,30,0
8,0,37,4428,93,10,28,3,30,0
9,0,30,1735,48,232,17,3,30,0
5,1,38,933,13,16,6,4,45,1
0,0,32,7023,113,366,36,2,25,0
5,0,35,2148,54,352,22,2,25,0
10,0,47,883,21,29,12,3,30,0
5,0,37,305,6,7,2,2,25,1
32,1,40,15635,232,70,37,3,30,0
9,0,38,4760,86,7,25,3,30,0
10,0,45,565,16,22,8,3,30,1
2,0,36,13468,163,0,42,3,30,0
14,0,35,14125,208,22,30,2,25,0
11,0,15,6087,135,78,40,1,15,0
2,0,18,1695,26,28,14,2,25,0
0,0,35,0,0,0,0,2,25,1
3,0,37,2278,52,0,29,1,15,0
22,0,23,6778,149,102,48,2,25,0
16,0,42,15970,196,168,37,2,25,0
4,0,38,3095,27,483,8,3,30,0
9,0,39,3103,69,10,33,2,25,0
6,0,34,7813,127,383,44,2,25,0
3,0,37,7508,127,384,43,2,25,0
2,0,19,1810,32,60,18,3,30,0
11,0,38,3085,59,182,25,2,25,0
0,0,40,193,7,11,7,2,25,0
16,0,30,10175,83,0,36,4,45,0
0,0,4,4390,34,207,9,3,30,0
0,0,33,7143,118,372,39,2,25,0
6,0,33,2930,38,4,14,2,25,1
14,0,36,3180,41,7,14,3,30,1
15,0,39,7213,82,124,42,2,25,0
6,0,40,3973,62,4,37,2,25,0
8,0,15,2738,39,0,15,3,30,0
10,0,38,4198,66,1,35,1,15,0
18,0,31,650,41,9,15,2,25,1
0,1,8,1298,19,25,9,3,30,1
13,0,38,4020,85,34,28,3,30,0
5,0,26,1070,13,23,3,4,45,0
28,0,40,15200,228,59,34,3,30,0
2,0,10,4505,46,247,14,3,30,0
2,0,37,595,8,0,4,2,25,0
1,0,33,3885,57,0,10,2,25,0
3,0,34,1550,38,6,16,3,30,0
5,0,20,1810,31,26,13,3,30,0
20,0,37,14950,225,79,34,3,30,0
11,0,38,3085,59,182,25,2,25,0
15,0,41,5818,104,34,25,3,30,0
5,0,37,11220,151,9,47,3,30,0
6,0,9,5828,125,63,34,1,15,0
6,0,25,395,19,3,5,2,25,0
15,1,36,3700,52,17,16,3,30,1
0,0,40,2870,23,486,10,3,30,0
3,0,20,740,18,1,6,2,25,0
2,0,36,1743,47,0,12,3,30,0
0,0,25,0,0,0,0,4,45,0
26,0,40,14845,221,40,19,3,30,0
0,0,41,93,1,10,6,2,25,0
3,0,38,7623,133,416,47,3,30,0
0,0,30,780,14,29,7,4,45,0
20,0,35,14720,213,15,26,2,25,0
0,0,31,5950,99,239,31,2,25,0
0,0,35,513,1,0,3,4,45,1
0,0,34,633,8,18,15,5,55,0
10,0,38,2573,41,28,23,4,45,0
20,0,29,15770,232,0,78,2,25,0
13,0,37,9115,121,144,43,3,30,0
6,0,33,4370,65,0,16,2,25,0
0,0,22,2210,44,0,21,3,30,0
4,0,31,3145,22,0,15,3,30,0
7,0,28,920,32,20,12,2,25,0
4,0,26,1425,20,42,18,4,45,0
0,0,13,1837,28,0,17,3,30,0
13,0,35,15710,186,147,28,2,25,0
9,0,40,3400,33,490,10,3,30,0
8,0,41,11545,156,21,51,4,45,0
14,0,40,5010,90,18,30,3,30,0
10,0,10,8932,165,65,39,4,45,0
12,0,39,6628,106,15,12,3,30,0
13,0,22,1530,32,18,14,2,25,0
0,0,34,1363,19,0,4,3,30,0
4,0,36,6905,91,187,24,3,30,0
12,0,38,8710,116,126,45,3,30,0
0,0,5,4025,31,203,6,3,30,0
5,0,40,6413,75,109,36,2,25,0
12,0,40,14078,175,7,46,3,30,0
6,0,40,2735,57,183,27,2,25,0
9,0,39,3793,61,0,37,1,15,0
6,0,40,2453,61,7,35,2,25,0
0,0,35,570,8,0,9,2,25,0
0,0,23,0,0,0,0,4,45,0
0,0,32,875,8,0,10,2,25,0
33,0,42,15505,234,66,36,3,30,0
9,0,39,8890,117,147,45,3,30,0
5,0,34,2033,48,320,18,2,25,0
12,0,38,4443,69,7,35,1,15,0
3,0,38,453,9,2,1,5,55,0
7,0,38,4515,83,2,25,3,30,0
17,0,18,9353,183,112,46,5,55,0
22,0,29,16015,235,0,78,2,25,0
14,0,39,15790,188,157,32,2,25,0
4,0,39,918,15,28,19,3,30,0
10,0,32,7190,120,268,31,3,30,0
20,0,45,3018,76,381,32,3,30,0
6,0,38,5918,95,7,12,3,30,0
6,0,36,14068,173,14,57,3,30,0
11,0,40,4485,76,3,16,3,30,0
0,0,39,73,2,5,4,2,25,0
6,0,39,6033,101,39,16,3,30,0
7,0,11,4695,46,222,12,3,30,0
0,0,34,0,0,0,0,3,30,0
24,0,33,10740,93,0,43,4,45,0
8,0,36,1855,44,13,18,3,30,0
12,0,42,2453,66,367,25,3,30,0
